material_code,description,category,uom,manufacturer,model
CP-2001,SKF BALL BEARING 6205-2RS,Bearings,EA,SKF,6205-2RS
CP-2002,GATE VALVE SLAB 6IN 600# RTJ,Valves,EA,L&T,
CP-2003,,SKF BEARING 6207,Bearings,EA,
CP-2004,SIEMENS 3PH INDUCTION MOTOR 75KW 415V B3,Motors,NOS,SIEMENS,1LE1501
CP-2001,DUPLICATE CODE BEARING,Bearings,EA,SKF,
CP-2005,CENTRIFUGAL PUMP 8X6-11 CAST IRON,Pumps,BAG,KSB,ETB-125
,MISC BEARING NO CODE,Bearings,EA,,
CP-2006,HEX BOLT M20X80 SS304 WITH NUT,Fasteners,NOS,,
CP-2007,UNKNOWN CATEGORY WIDGET XYZ,Widgets,EA,,
